Model,Params,MSE_val,MAE_train,MAE_val,RMSE_train,RMSE_val,R2_train,R2_val,feature_subset
LSTM,"{'units': 5, 'epochs': 5, 'batch_size': 32, 'dropout_rate': 0.2}",0.8530072062829018,1.8640226759717307,2.079501514844547,2.2180389556082054,0.9235838923903458,-4.9687928392541,-6.298863155126992,"['days_since_election', 'seats']"
LSTM,"{'units': 5, 'epochs': 5, 'batch_size': 32, 'dropout_rate': 0.5}",0.8530072062829018,2.396464193515492,2.464941954662604,2.6864995863345116,0.9235838923903458,-7.771672892289718,-8.155407048036574,"['days_since_election', 'seats']"
LSTM,"{'units': 5, 'epochs': 5, 'batch_size': 64, 'dropout_rate': 0.2}",0.8530072062829018,3.503897904588765,3.480659051803904,3.889557001139835,0.9235838923903458,-13.806952518452993,-14.84297810486253,"['days_since_election', 'seats']"
LSTM,"{'units': 5, 'epochs': 5, 'batch_size': 64, 'dropout_rate': 0.5}",0.8530072062829018,2.652543200036541,2.700361814462355,2.9747801294461986,0.9235838923903458,-8.476623610742882,-8.703128473802522,"['days_since_election', 'seats']"
LSTM,"{'units': 5, 'epochs': 10, 'batch_size': 32, 'dropout_rate': 0.2}",0.7756403653550247,1.6032136965837658,1.813527707362506,1.9394662744654028,0.8807044710656491,-3.6012779736453906,-4.9890791983593274,"['days_since_election', 'seats']"
LSTM,"{'units': 5, 'epochs': 10, 'batch_size': 32, 'dropout_rate': 0.5}",0.7756403653550247,1.9516169630420073,2.0733005288893636,2.249614827772264,0.8807044710656491,-5.093955991685982,-6.027927449563773,"['days_since_election', 'seats']"
LSTM,"{'units': 5, 'epochs': 10, 'batch_size': 64, 'dropout_rate': 0.2}",0.7756403653550247,2.782760668505732,2.7262807830821325,3.170311547275545,0.8807044710656491,-9.352030031063917,-10.106367841671657,"['days_since_election', 'seats']"
LSTM,"{'units': 5, 'epochs': 10, 'batch_size': 64, 'dropout_rate': 0.5}",0.7756403653550247,2.397804405486006,2.566173224495308,2.773342225001452,0.8807044710656491,-6.980007763866126,-7.976477614992258,"['days_since_election', 'seats']"
LSTM,"{'units': 1, 'epochs': 5, 'batch_size': 32, 'dropout_rate': 0.2}",0.7756403653550247,2.2842368389929,2.323071528972905,2.66374006756014,0.8807044710656491,-6.906288363419549,-8.0464224760385,"['days_since_election', 'seats']"
LSTM,"{'units': 1, 'epochs': 5, 'batch_size': 32, 'dropout_rate': 0.5}",0.7756403653550247,3.422315317930282,3.4194464307984784,3.631588744255482,0.8807044710656491,-13.005666898626037,-14.062501712198161,"['days_since_election', 'seats']"
LSTM,"{'units': 1, 'epochs': 5, 'batch_size': 64, 'dropout_rate': 0.2}",0.7756403653550247,3.5323488719389182,3.5676727442348253,3.9196687677147994,0.8807044710656491,-13.634991476602499,-14.574690679836333,"['days_since_election', 'seats']"
LSTM,"{'units': 1, 'epochs': 5, 'batch_size': 64, 'dropout_rate': 0.5}",0.7756403653550247,3.8608618526203937,3.906752255529567,4.126146279879717,0.8807044710656491,-14.420374474009192,-15.621099751737969,"['days_since_election', 'seats']"
LSTM,"{'units': 1, 'epochs': 10, 'batch_size': 32, 'dropout_rate': 0.2}",0.7756403653550247,2.5568711872941527,2.5436611599884915,2.783769459137499,0.8807044710656491,-8.47655686249779,-9.040524797425956,"['days_since_election', 'seats']"
LSTM,"{'units': 1, 'epochs': 10, 'batch_size': 32, 'dropout_rate': 0.5}",0.7756403653550247,2.5841688371449925,2.5422214597840322,2.8150471765580423,0.8807044710656491,-8.584005776254285,-9.072011865216721,"['days_since_election', 'seats']"
LSTM,"{'units': 1, 'epochs': 10, 'batch_size': 64, 'dropout_rate': 0.2}",0.7756403653550247,2.7584165271771117,2.929542293641151,3.1273427609294,0.8807044710656491,-9.370632860876576,-11.35254282686463,"['days_since_election', 'seats']"
LSTM,"{'units': 1, 'epochs': 10, 'batch_size': 64, 'dropout_rate': 0.5}",0.7756403653550247,3.6941825872332714,3.692417692365667,3.8969119656952835,0.8807044710656491,-14.250515390667541,-15.22173026654485,"['days_since_election', 'seats']"
LSTM,"{'units': 5, 'epochs': 5, 'batch_size': 32, 'dropout_rate': 0.2}",0.678897146221926,1.8594907558654523,1.991620878434119,2.1506239595669236,0.8239521504443847,-5.3622347083874216,-5.855791975495381,"['days_since_election', 'seats', 'state_market']"
LSTM,"{'units': 5, 'epochs': 5, 'batch_size': 32, 'dropout_rate': 0.5}",0.678897146221926,2.808456027803661,2.874418683868464,3.0758584251158014,0.8239521504443847,-9.350071401195452,-10.74957296626207,"['days_since_election', 'seats', 'state_market']"
LSTM,"{'units': 5, 'epochs': 5, 'batch_size': 64, 'dropout_rate': 0.2}",0.678897146221926,2.1392752075703036,2.2763195694875846,2.4377969469093905,0.8239521504443847,-6.356152870263667,-6.898224713683767,"['days_since_election', 'seats', 'state_market']"
LSTM,"{'units': 5, 'epochs': 5, 'batch_size': 64, 'dropout_rate': 0.5}",0.678897146221926,2.5944583265359182,2.688305925568917,2.8720253461002545,0.8239521504443847,-7.842796583374952,-8.541722518183846,"['days_since_election', 'seats', 'state_market']"
LSTM,"{'units': 5, 'epochs': 10, 'batch_size': 32, 'dropout_rate': 0.2}",0.6244988867549158,1.2436712675347175,1.5720749524392792,1.5430623640899903,0.7902524196450877,-2.062399590653029,-3.52795646636054,"['days_since_election', 'seats', 'state_market']"
LSTM,"{'units': 5, 'epochs': 10, 'batch_size': 32, 'dropout_rate': 0.5}",0.6244988867549158,2.013772341251978,2.249366907277797,2.3639175196846267,0.7902524196450877,-4.626318308130023,-6.230282085879071,"['days_since_election', 'seats', 'state_market']"
LSTM,"{'units': 5, 'epochs': 10, 'batch_size': 64, 'dropout_rate': 0.2}",0.6244988867549158,1.70885662081346,1.973273592525972,2.038518596130732,0.7902524196450877,-4.408544439483096,-5.814234820992768,"['days_since_election', 'seats', 'state_market']"
LSTM,"{'units': 5, 'epochs': 10, 'batch_size': 64, 'dropout_rate': 0.5}",0.6244988867549158,2.574319648165372,2.647336188129021,2.9036492994236913,0.7902524196450877,-8.341936484917351,-9.639432558023096,"['days_since_election', 'seats', 'state_market']"
LSTM,"{'units': 1, 'epochs': 5, 'batch_size': 32, 'dropout_rate': 0.2}",0.6244988867549158,3.4238268722928487,3.4104351615019346,3.6347819812010083,0.7902524196450877,-12.983754780994737,-14.021816735137152,"['days_since_election', 'seats', 'state_market']"
LSTM,"{'units': 1, 'epochs': 5, 'batch_size': 32, 'dropout_rate': 0.5}",0.6244988867549158,2.806286431349379,2.8039290617366213,3.0514015266904613,0.7902524196450877,-9.798420694777514,-10.316531083410904,"['days_since_election', 'seats', 'state_market']"
LSTM,"{'units': 1, 'epochs': 5, 'batch_size': 64, 'dropout_rate': 0.2}",0.6244988867549158,4.902343257293631,4.849922965510508,5.063586657563482,0.7902524196450877,-21.10936365839134,-22.519728251161343,"['days_since_election', 'seats', 'state_market']"
LSTM,"{'units': 1, 'epochs': 5, 'batch_size': 64, 'dropout_rate': 0.5}",0.6244988867549158,3.699827397326541,3.7593779562965683,3.9621763530485516,0.7902524196450877,-13.168805975397026,-14.18755931547589,"['days_since_election', 'seats', 'state_market']"
LSTM,"{'units': 1, 'epochs': 10, 'batch_size': 32, 'dropout_rate': 0.2}",0.6244988867549158,2.575335550269098,2.543374833833173,2.8062445294721012,0.7902524196450877,-8.503262653934591,-9.091692983635562,"['days_since_election', 'seats', 'state_market']"
LSTM,"{'units': 1, 'epochs': 10, 'batch_size': 32, 'dropout_rate': 0.5}",0.6244988867549158,2.547077680079377,2.5292531766667117,2.7754654152259697,0.7902524196450877,-8.467321065908195,-9.001514284230366,"['days_since_election', 'seats', 'state_market']"
LSTM,"{'units': 1, 'epochs': 10, 'batch_size': 64, 'dropout_rate': 0.2}",0.6244988867549158,2.6367918279453475,2.703248506015854,3.0125025890998693,0.7902524196450877,-9.170044296139432,-10.479151996763102,"['days_since_election', 'seats', 'state_market']"
LSTM,"{'units': 1, 'epochs': 10, 'batch_size': 64, 'dropout_rate': 0.5}",0.6244988867549158,2.71882240393321,2.7853038522488798,2.963748205173128,0.7902524196450877,-8.683371812822319,-10.07858884224416,"['days_since_election', 'seats', 'state_market']"
LSTM,"{'units': 5, 'epochs': 5, 'batch_size': 32, 'dropout_rate': 0.2}",0.6244988867549158,1.548003633653196,1.6952145884014123,1.8554137683432064,0.7902524196450877,-3.37356583820044,-3.8129584684461877,"['seats', 'state_market', 'block_left', 'block_right']"
LSTM,"{'units': 5, 'epochs': 5, 'batch_size': 32, 'dropout_rate': 0.5}",0.6244988867549158,2.4643221342905,2.469048860749626,2.9689591490357734,0.7902524196450877,-8.217931135106356,-8.35002648918146,"['seats', 'state_market', 'block_left', 'block_right']"
LSTM,"{'units': 5, 'epochs': 5, 'batch_size': 64, 'dropout_rate': 0.2}",0.6244988867549158,3.6009540285027173,3.6337182609245464,4.177055419925721,0.7902524196450877,-14.481239892272182,-15.075613973972048,"['seats', 'state_market', 'block_left', 'block_right']"
LSTM,"{'units': 5, 'epochs': 5, 'batch_size': 64, 'dropout_rate': 0.5}",0.6244988867549158,3.3777939739157246,3.3663396539805532,3.5885771094622694,0.7902524196450877,-10.941362957718168,-11.466489597444484,"['seats', 'state_market', 'block_left', 'block_right']"
LSTM,"{'units': 5, 'epochs': 10, 'batch_size': 32, 'dropout_rate': 0.2}",0.6244988867549158,1.4140332882695226,1.4715019873965605,1.775079713038248,0.7902524196450877,-3.0002075663759187,-3.1770630665818653,"['seats', 'state_market', 'block_left', 'block_right']"
LSTM,"{'units': 5, 'epochs': 10, 'batch_size': 32, 'dropout_rate': 0.5}",0.6244988867549158,1.5838454521903222,1.5983814221646089,1.8509003309763754,0.7902524196450877,-2.9465393834838323,-3.0993671262536924,"['seats', 'state_market', 'block_left', 'block_right']"
LSTM,"{'units': 5, 'epochs': 10, 'batch_size': 64, 'dropout_rate': 0.2}",0.6244988867549158,1.6366478481179576,1.6870162462094271,1.9654309169477633,0.7902524196450877,-3.811773592677188,-3.981129116814216,"['seats', 'state_market', 'block_left', 'block_right']"
LSTM,"{'units': 5, 'epochs': 10, 'batch_size': 64, 'dropout_rate': 0.5}",0.6244988867549158,1.9224525249438258,1.9749479743688554,2.221430487798019,0.7902524196450877,-4.41698026183089,-4.820638051660878,"['seats', 'state_market', 'block_left', 'block_right']"
LSTM,"{'units': 1, 'epochs': 5, 'batch_size': 32, 'dropout_rate': 0.2}",0.6244988867549158,3.409911758852411,3.4254827158476844,3.62140961391308,0.7902524196450877,-12.963767485286123,-14.051767737429635,"['seats', 'state_market', 'block_left', 'block_right']"
LSTM,"{'units': 1, 'epochs': 5, 'batch_size': 32, 'dropout_rate': 0.5}",0.6244988867549158,3.42799752630541,3.4149000495595807,3.6392651498521524,0.7902524196450877,-13.026806111866577,-14.07099071379563,"['seats', 'state_market', 'block_left', 'block_right']"
LSTM,"{'units': 1, 'epochs': 5, 'batch_size': 64, 'dropout_rate': 0.2}",0.6244988867549158,4.885729355978017,4.847326946207087,5.048871745671114,0.7902524196450877,-20.960742187508274,-22.509729081417493,"['seats', 'state_market', 'block_left', 'block_right']"
LSTM,"{'units': 1, 'epochs': 5, 'batch_size': 64, 'dropout_rate': 0.5}",0.6244988867549158,4.870818427240127,4.832588538086466,5.0342076404740945,0.7902524196450877,-20.81421619773989,-22.35888131257056,"['seats', 'state_market', 'block_left', 'block_right']"
LSTM,"{'units': 1, 'epochs': 10, 'batch_size': 32, 'dropout_rate': 0.2}",0.6244988867549158,2.5381642263148647,2.5330775751891266,2.766472798491367,0.7902524196450877,-8.437355441829771,-8.99168235505058,"['seats', 'state_market', 'block_left', 'block_right']"
LSTM,"{'units': 1, 'epochs': 10, 'batch_size': 32, 'dropout_rate': 0.5}",0.6244988867549158,2.5782293939322525,2.5385820464582203,2.8091594641673683,0.7902524196450877,-8.529079632435634,-9.037993390243585,"['seats', 'state_market', 'block_left', 'block_right']"
LSTM,"{'units': 1, 'epochs': 10, 'batch_size': 64, 'dropout_rate': 0.2}",0.6244988867549158,2.4103581811106842,2.499574181381832,2.7257532961933264,0.7902524196450877,-7.905521907583706,-9.107396578525698,"['seats', 'state_market', 'block_left', 'block_right']"
LSTM,"{'units': 1, 'epochs': 10, 'batch_size': 64, 'dropout_rate': 0.5}",0.6244988867549158,3.6955518579943765,3.688731265401496,3.8981454565911227,0.7902524196450877,-14.261794291787444,-15.179350539727388,"['seats', 'state_market', 'block_left', 'block_right']"
LSTM,"{'units': 5, 'epochs': 5, 'batch_size': 32, 'dropout_rate': 0.2}",0.6244988867549158,1.7765723187400833,1.9085564849897987,2.1356665901268466,0.7902524196450877,-5.114451499997787,-5.587291332387571,"['days_since_election', 'seats', 'block_left', 'block_right', 'state_market']"
LSTM,"{'units': 5, 'epochs': 5, 'batch_size': 32, 'dropout_rate': 0.5}",0.6244988867549158,1.9566724079877762,2.03406866682965,2.2200261989991876,0.7902524196450877,-4.478311239011281,-5.167284780384862,"['days_since_election', 'seats', 'block_left', 'block_right', 'state_market']"
LSTM,"{'units': 5, 'epochs': 5, 'batch_size': 64, 'dropout_rate': 0.2}",0.6244988867549158,2.1039427066677234,2.1489292088723686,2.4140792598721337,0.7902524196450877,-5.729877116708362,-6.286362007638879,"['days_since_election', 'seats', 'block_left', 'block_right', 'state_market']"
LSTM,"{'units': 5, 'epochs': 5, 'batch_size': 64, 'dropout_rate': 0.5}",0.6244988867549158,2.576693823754727,2.624856167973728,2.849196021214796,0.7902524196450877,-7.291224696002757,-8.08640509037552,"['days_since_election', 'seats', 'block_left', 'block_right', 'state_market']"
LSTM,"{'units': 5, 'epochs': 10, 'batch_size': 32, 'dropout_rate': 0.2}",0.6244988867549158,1.4803253518021615,1.628745622343443,1.799301400039966,0.7902524196450877,-3.2535373451249345,-3.7883201977329337,"['days_since_election', 'seats', 'block_left', 'block_right', 'state_market']"
LSTM,"{'units': 5, 'epochs': 10, 'batch_size': 32, 'dropout_rate': 0.5}",0.6244988867549158,1.7461166519843883,1.9104333321785445,2.0260532465453727,0.7902524196450877,-3.324640813963857,-4.519840216963453,"['days_since_election', 'seats', 'block_left', 'block_right', 'state_market']"
LSTM,"{'units': 5, 'epochs': 10, 'batch_size': 64, 'dropout_rate': 0.2}",0.6244988867549158,1.5356017881304072,1.7318949880650016,1.8368443185030385,0.7902524196450877,-2.9496616284989177,-3.9421669472585052,"['days_since_election', 'seats', 'block_left', 'block_right', 'state_market']"
LSTM,"{'units': 5, 'epochs': 10, 'batch_size': 64, 'dropout_rate': 0.5}",0.6244988867549158,2.9003206128824464,2.9074120640621492,3.214085713605203,0.7902524196450877,-7.748968535218357,-8.259060698793071,"['days_since_election', 'seats', 'block_left', 'block_right', 'state_market']"
LSTM,"{'units': 1, 'epochs': 5, 'batch_size': 32, 'dropout_rate': 0.2}",0.6244988867549158,2.684386388262331,2.679020089416641,3.1420563294177595,0.7902524196450877,-9.825086778277164,-9.905589941081022,"['days_since_election', 'seats', 'block_left', 'block_right', 'state_market']"
LSTM,"{'units': 1, 'epochs': 5, 'batch_size': 32, 'dropout_rate': 0.5}",0.6244988867549158,2.774113457466769,2.7682769737210426,3.126784166064381,0.7902524196450877,-9.307520776443617,-9.572238798811911,"['days_since_election', 'seats', 'block_left', 'block_right', 'state_market']"
LSTM,"{'units': 1, 'epochs': 5, 'batch_size': 64, 'dropout_rate': 0.2}",0.6244988867549158,3.831723977825628,3.7721873579080247,4.336013957997275,0.7902524196450877,-15.067386416811518,-16.460659712182487,"['days_since_election', 'seats', 'block_left', 'block_right', 'state_market']"
LSTM,"{'units': 1, 'epochs': 5, 'batch_size': 64, 'dropout_rate': 0.5}",0.6244988867549158,3.842527260399364,3.8477727387682092,4.195990488814741,0.7902524196450877,-14.624103790365146,-15.345789593969396,"['days_since_election', 'seats', 'block_left', 'block_right', 'state_market']"
LSTM,"{'units': 1, 'epochs': 10, 'batch_size': 32, 'dropout_rate': 0.2}",0.6244988867549158,1.9299661277398834,1.9507581642364797,2.381832784747985,0.7902524196450877,-5.734227621505594,-5.935170605368675,"['days_since_election', 'seats', 'block_left', 'block_right', 'state_market']"
LSTM,"{'units': 1, 'epochs': 10, 'batch_size': 32, 'dropout_rate': 0.5}",0.6244988867549158,2.3369769427404834,2.3739984390739237,2.5818858630486905,0.7902524196450877,-7.110455794976308,-7.539918678168234,"['days_since_election', 'seats', 'block_left', 'block_right', 'state_market']"
LSTM,"{'units': 1, 'epochs': 10, 'batch_size': 64, 'dropout_rate': 0.2}",0.6244988867549158,3.696935199653162,3.7038186276502545,3.900322131718899,0.7902524196450877,-14.326568345457536,-15.267291729671713,"['days_since_election', 'seats', 'block_left', 'block_right', 'state_market']"
LSTM,"{'units': 1, 'epochs': 10, 'batch_size': 64, 'dropout_rate': 0.5}",0.6244988867549158,3.422016977286502,3.452018882092422,3.7093604601288925,0.7902524196450877,-11.594694670886586,-13.146450277115022,"['days_since_election', 'seats', 'block_left', 'block_right', 'state_market']"
LSTM,"{'units': 5, 'epochs': 5, 'batch_size': 32, 'dropout_rate': 0.2}",0.6244988867549158,2.025035685742372,2.269091124910492,2.4782829724653785,0.7902524196450877,-5.699078329722196,-7.342274715025201,"['days_since_election_2', 'seats', 'government_status_coalition', 'government_status_opposition', 'government_status_support']"
LSTM,"{'units': 5, 'epochs': 5, 'batch_size': 32, 'dropout_rate': 0.5}",0.6244988867549158,2.3061721672296693,2.3533885468860927,2.6119493304250683,0.7902524196450877,-7.223381819072961,-7.380164611084871,"['days_since_election_2', 'seats', 'government_status_coalition', 'government_status_opposition', 'government_status_support']"
LSTM,"{'units': 5, 'epochs': 5, 'batch_size': 64, 'dropout_rate': 0.2}",0.6244988867549158,2.352669417923595,2.423124422130978,2.6968799404273396,0.7902524196450877,-7.698684086823343,-9.083229349918446,"['days_since_election_2', 'seats', 'government_status_coalition', 'government_status_opposition', 'government_status_support']"
LSTM,"{'units': 5, 'epochs': 5, 'batch_size': 64, 'dropout_rate': 0.5}",0.6244988867549158,2.599760293278404,2.769827800166535,3.0596726393334412,0.7902524196450877,-8.163091906551315,-9.854011882135518,"['days_since_election_2', 'seats', 'government_status_coalition', 'government_status_opposition', 'government_status_support']"
LSTM,"{'units': 5, 'epochs': 10, 'batch_size': 32, 'dropout_rate': 0.2}",0.6244988867549158,1.7610262244093453,1.9258025831498218,2.0722499934881164,0.7902524196450877,-4.616600979674022,-5.5529459204551825,"['days_since_election_2', 'seats', 'government_status_coalition', 'government_status_opposition', 'government_status_support']"
LSTM,"{'units': 5, 'epochs': 10, 'batch_size': 32, 'dropout_rate': 0.5}",0.6244988867549158,1.9423924362047038,2.154232620107893,2.2476953003514586,0.7902524196450877,-4.269536792425005,-5.9207983149736485,"['days_since_election_2', 'seats', 'government_status_coalition', 'government_status_opposition', 'government_status_support']"
LSTM,"{'units': 5, 'epochs': 10, 'batch_size': 64, 'dropout_rate': 0.2}",0.6244988867549158,2.0956058523123406,2.3799606585729025,2.6141548620267474,0.7902524196450877,-6.051740143681748,-8.0708163336133,"['days_since_election_2', 'seats', 'government_status_coalition', 'government_status_opposition', 'government_status_support']"
LSTM,"{'units': 5, 'epochs': 10, 'batch_size': 64, 'dropout_rate': 0.5}",0.6244988867549158,2.2848949833401186,2.429917460615166,2.6061835262926856,0.7902524196450877,-6.073094052027329,-7.194511698213168,"['days_since_election_2', 'seats', 'government_status_coalition', 'government_status_opposition', 'government_status_support']"
LSTM,"{'units': 1, 'epochs': 5, 'batch_size': 32, 'dropout_rate': 0.2}",0.6244988867549158,2.4449380772003324,2.627036105393248,2.866512473645245,0.7902524196450877,-7.707087102488839,-9.371777143777066,"['days_since_election_2', 'seats', 'government_status_coalition', 'government_status_opposition', 'government_status_support']"
LSTM,"{'units': 1, 'epochs': 5, 'batch_size': 32, 'dropout_rate': 0.5}",0.6244988867549158,2.6893859377380234,2.7999940256781417,2.980642742976863,0.7902524196450877,-8.32660639383154,-9.804193151775175,"['days_since_election_2', 'seats', 'government_status_coalition', 'government_status_opposition', 'government_status_support']"
LSTM,"{'units': 1, 'epochs': 5, 'batch_size': 64, 'dropout_rate': 0.2}",0.6244988867549158,4.879845410899088,4.845545557041164,5.042209526406554,0.7902524196450877,-20.892624429820668,-22.49417314037244,"['days_since_election_2', 'seats', 'government_status_coalition', 'government_status_opposition', 'government_status_support']"
LSTM,"{'units': 1, 'epochs': 5, 'batch_size': 64, 'dropout_rate': 0.5}",0.6244988867549158,4.878061613617753,4.835942261944697,5.041690715817629,0.7902524196450877,-20.88935778515252,-22.39264063251203,"['days_since_election_2', 'seats', 'government_status_coalition', 'government_status_opposition', 'government_status_support']"
LSTM,"{'units': 1, 'epochs': 10, 'batch_size': 32, 'dropout_rate': 0.2}",0.6244988867549158,2.576806721096503,2.5441015040809205,2.8077156578966322,0.7902524196450877,-8.515741479135647,-9.090494434966196,"['days_since_election_2', 'seats', 'government_status_coalition', 'government_status_opposition', 'government_status_support']"
LSTM,"{'units': 1, 'epochs': 10, 'batch_size': 32, 'dropout_rate': 0.5}",0.6244988867549158,2.4251643804377196,2.3574309179844546,2.7349689141567373,0.7902524196450877,-7.396194112791296,-7.415925004725029,"['days_since_election_2', 'seats', 'government_status_coalition', 'government_status_opposition', 'government_status_support']"
LSTM,"{'units': 1, 'epochs': 10, 'batch_size': 64, 'dropout_rate': 0.2}",0.6244988867549158,3.6941397090063184,3.6872551898187798,3.8967567450916767,0.7902524196450877,-14.248909097918386,-15.16478582541833,"['days_since_election_2', 'seats', 'government_status_coalition', 'government_status_opposition', 'government_status_support']"
LSTM,"{'units': 1, 'epochs': 10, 'batch_size': 64, 'dropout_rate': 0.5}",0.6244988867549158,2.972275615955175,3.070932046301954,3.265099666801358,0.7902524196450877,-9.895910205808226,-11.209730657975575,"['days_since_election_2', 'seats', 'government_status_coalition', 'government_status_opposition', 'government_status_support']"
LSTM,"{'units': 5, 'epochs': 5, 'batch_size': 32, 'dropout_rate': 0.2}",0.6244988867549158,1.5259979044536278,1.8717853654980352,1.895917404619462,0.7902524196450877,-3.3257703561379057,-4.708102792195407,"['days_since_election', 'seats', 'government_status_coalition', 'government_status_opposition', 'government_status_support', 'block_left', 'block_right']"
LSTM,"{'units': 5, 'epochs': 5, 'batch_size': 32, 'dropout_rate': 0.5}",0.6244988867549158,2.8081141555502134,2.9511763378752747,3.0825036940955726,0.7902524196450877,-9.178215202815707,-10.799933164550719,"['days_since_election', 'seats', 'government_status_coalition', 'government_status_opposition', 'government_status_support', 'block_left', 'block_right']"
LSTM,"{'units': 5, 'epochs': 5, 'batch_size': 64, 'dropout_rate': 0.2}",0.6244988867549158,2.080768650176405,2.4571374060395588,2.7379177057963506,0.7902524196450877,-6.415355023821053,-8.520766116362067,"['days_since_election', 'seats', 'government_status_coalition', 'government_status_opposition', 'government_status_support', 'block_left', 'block_right']"
LSTM,"{'units': 5, 'epochs': 5, 'batch_size': 64, 'dropout_rate': 0.5}",0.6244988867549158,2.7940788853315,2.9539605167593677,3.0850437486590216,0.7902524196450877,-8.508586941297613,-10.095078704794306,"['days_since_election', 'seats', 'government_status_coalition', 'government_status_opposition', 'government_status_support', 'block_left', 'block_right']"
LSTM,"{'units': 5, 'epochs': 10, 'batch_size': 32, 'dropout_rate': 0.2}",0.6244988867549158,1.1855194896120596,1.6617072990737818,1.487222358350466,0.7902524196450877,-1.6200825501864689,-3.6183319618210104,"['days_since_election', 'seats', 'government_status_coalition', 'government_status_opposition', 'government_status_support', 'block_left', 'block_right']"
LSTM,"{'units': 5, 'epochs': 10, 'batch_size': 32, 'dropout_rate': 0.5}",0.6244988867549158,1.7263391122336633,2.0801900170830003,2.1053345311101723,0.7902524196450877,-3.6978185509968786,-5.596578179939667,"['days_since_election', 'seats', 'government_status_coalition', 'government_status_opposition', 'government_status_support', 'block_left', 'block_right']"
LSTM,"{'units': 5, 'epochs': 10, 'batch_size': 64, 'dropout_rate': 0.2}",0.6244988867549158,1.8251741333718938,2.2296146687382996,2.2039125863735447,0.7902524196450877,-4.742640396259572,-6.826002998678635,"['days_since_election', 'seats', 'government_status_coalition', 'government_status_opposition', 'government_status_support', 'block_left', 'block_right']"
LSTM,"{'units': 5, 'epochs': 10, 'batch_size': 64, 'dropout_rate': 0.5}",0.6244988867549158,2.4860300013527494,2.6148523094556415,2.7397888257073113,0.7902524196450877,-7.574932242346467,-8.577297129796262,"['days_since_election', 'seats', 'government_status_coalition', 'government_status_opposition', 'government_status_support', 'block_left', 'block_right']"
LSTM,"{'units': 1, 'epochs': 5, 'batch_size': 32, 'dropout_rate': 0.2}",0.6244988867549158,3.4112549051938768,3.4320400020460795,3.622712805712142,0.7902524196450877,-12.957497112164999,-14.114084255367976,"['days_since_election', 'seats', 'government_status_coalition', 'government_status_opposition', 'government_status_support', 'block_left', 'block_right']"
LSTM,"{'units': 1, 'epochs': 5, 'batch_size': 32, 'dropout_rate': 0.5}",0.6244988867549158,2.6760254159619237,2.864301596781273,2.9582229888650273,0.7902524196450877,-8.09620447048253,-10.121346964182695,"['days_since_election', 'seats', 'government_status_coalition', 'government_status_opposition', 'government_status_support', 'block_left', 'block_right']"
LSTM,"{'units': 1, 'epochs': 5, 'batch_size': 64, 'dropout_rate': 0.2}",0.6244988867549158,3.082821456915391,3.403696580433202,3.5583165202177383,0.7902524196450877,-11.552169509280532,-14.824062016334922,"['days_since_election', 'seats', 'government_status_coalition', 'government_status_opposition', 'government_status_support', 'block_left', 'block_right']"
LSTM,"{'units': 1, 'epochs': 5, 'batch_size': 64, 'dropout_rate': 0.5}",0.6244988867549158,3.574517960230112,3.690281760597616,3.845120578102208,0.7902524196450877,-12.79393633129,-15.352378623675799,"['days_since_election', 'seats', 'government_status_coalition', 'government_status_opposition', 'government_status_support', 'block_left', 'block_right']"
LSTM,"{'units': 1, 'epochs': 10, 'batch_size': 32, 'dropout_rate': 0.2}",0.6244988867549158,2.543360989455779,2.5432227137114745,2.7735656659433623,0.7902524196450877,-8.456267350533174,-9.027868297132411,"['days_since_election', 'seats', 'government_status_coalition', 'government_status_opposition', 'government_status_support', 'block_left', 'block_right']"
LSTM,"{'units': 1, 'epochs': 10, 'batch_size': 32, 'dropout_rate': 0.5}",0.6244988867549158,2.2818495956864213,2.417611008208317,2.571386325887155,0.7902524196450877,-6.280598063393225,-7.33882650938649,"['days_since_election', 'seats', 'government_status_coalition', 'government_status_opposition', 'government_status_support', 'block_left', 'block_right']"
LSTM,"{'units': 1, 'epochs': 10, 'batch_size': 64, 'dropout_rate': 0.2}",0.6244988867549158,2.5064892529643052,2.738294514300793,2.9088249507966837,0.7902524196450877,-8.158009172362002,-10.00039134775028,"['days_since_election', 'seats', 'government_status_coalition', 'government_status_opposition', 'government_status_support', 'block_left', 'block_right']"
LSTM,"{'units': 1, 'epochs': 10, 'batch_size': 64, 'dropout_rate': 0.5}",0.6244988867549158,3.080255005365744,3.32969072134622,3.3875778869470365,0.7902524196450877,-9.538561878951276,-12.043391010142638,"['days_since_election', 'seats', 'government_status_coalition', 'government_status_opposition', 'government_status_support', 'block_left', 'block_right']"
LSTM,"{'units': 5, 'epochs': 5, 'batch_size': 32, 'dropout_rate': 0.2}",0.6244988867549158,1.5740563857893208,1.7306623028438366,1.8947211163081032,0.7902524196450877,-3.50793990474621,-4.272459651173936,"['seats', 'government_status_coalition', 'government_status_opposition', 'government_status_support']"
LSTM,"{'units': 5, 'epochs': 5, 'batch_size': 32, 'dropout_rate': 0.5}",0.6244988867549158,2.3448190092099637,2.466278806810972,2.6671470415444163,0.7902524196450877,-6.5102118545140755,-7.523106484841964,"['seats', 'government_status_coalition', 'government_status_opposition', 'government_status_support']"
LSTM,"{'units': 5, 'epochs': 5, 'batch_size': 64, 'dropout_rate': 0.2}",0.6244988867549158,2.119745699020551,2.1447055429371544,2.458058040684541,0.7902524196450877,-6.543613003267155,-6.798096911045272,"['seats', 'government_status_coalition', 'government_status_opposition', 'government_status_support']"
LSTM,"{'units': 5, 'epochs': 5, 'batch_size': 64, 'dropout_rate': 0.5}",0.6244988867549158,3.3563959372569916,3.3487799180173057,3.6559738536725974,0.7902524196450877,-11.81672211127428,-12.64373306467648,"['seats', 'government_status_coalition', 'government_status_opposition', 'government_status_support']"
LSTM,"{'units': 5, 'epochs': 10, 'batch_size': 32, 'dropout_rate': 0.2}",0.6244988867549158,1.8731506006770449,1.8664001076756416,2.247631915509363,0.7902524196450877,-5.361106153741906,-5.186796002492619,"['seats', 'government_status_coalition', 'government_status_opposition', 'government_status_support']"
LSTM,"{'units': 5, 'epochs': 10, 'batch_size': 32, 'dropout_rate': 0.5}",0.6244988867549158,1.8447345187660669,1.9889649911751879,2.2167957139665075,0.7902524196450877,-4.311830408401948,-5.46496377011751,"['seats', 'government_status_coalition', 'government_status_opposition', 'government_status_support']"
LSTM,"{'units': 5, 'epochs': 10, 'batch_size': 64, 'dropout_rate': 0.2}",0.6244988867549158,1.7651723141766673,2.007329827248969,2.307162888195885,0.7902524196450877,-4.650204670260553,-6.136783862772801,"['seats', 'government_status_coalition', 'government_status_opposition', 'government_status_support']"
LSTM,"{'units': 5, 'epochs': 10, 'batch_size': 64, 'dropout_rate': 0.5}",0.6244988867549158,3.0437053665633926,3.148241996068842,3.353977025234587,0.7902524196450877,-9.566507724797162,-10.990596238512275,"['seats', 'government_status_coalition', 'government_status_opposition', 'government_status_support']"
LSTM,"{'units': 1, 'epochs': 5, 'batch_size': 32, 'dropout_rate': 0.2}",0.6244988867549158,2.306793032446129,2.3985724033549,2.777177871306279,0.7902524196450877,-7.623883452423325,-8.110006966144969,"['seats', 'government_status_coalition', 'government_status_opposition', 'government_status_support']"
LSTM,"{'units': 1, 'epochs': 5, 'batch_size': 32, 'dropout_rate': 0.5}",0.6244988867549158,2.656278127594574,2.7507937852071396,2.9482472129962374,0.7902524196450877,-8.05521522234616,-9.400372420427976,"['seats', 'government_status_coalition', 'government_status_opposition', 'government_status_support']"
LSTM,"{'units': 1, 'epochs': 5, 'batch_size': 64, 'dropout_rate': 0.2}",0.6244988867549158,4.876115327941084,4.8380312173687585,5.039181884399182,0.7902524196450877,-20.86370800614576,-22.41068808841419,"['seats', 'government_status_coalition', 'government_status_opposition', 'government_status_support']"
LSTM,"{'units': 1, 'epochs': 5, 'batch_size': 64, 'dropout_rate': 0.5}",0.6244988867549158,3.995307412994406,3.998034294444304,4.258912024216652,0.7902524196450877,-15.835639785250255,-17.401323340258795,"['seats', 'government_status_coalition', 'government_status_opposition', 'government_status_support']"
LSTM,"{'units': 1, 'epochs': 10, 'batch_size': 32, 'dropout_rate': 0.2}",0.6244988867549158,2.5758732707017877,2.5364764123785144,2.8067141838632867,0.7902524196450877,-8.507353295042416,-9.017566757893261,"['seats', 'government_status_coalition', 'government_status_opposition', 'government_status_support']"
LSTM,"{'units': 1, 'epochs': 10, 'batch_size': 32, 'dropout_rate': 0.5}",0.6244988867549158,2.092336062619904,2.1345546791840104,2.3819427418317027,0.7902524196450877,-5.439133794013042,-6.272943430526711,"['seats', 'government_status_coalition', 'government_status_opposition', 'government_status_support']"
LSTM,"{'units': 1, 'epochs': 10, 'batch_size': 64, 'dropout_rate': 0.2}",0.6244988867549158,3.6935333936389476,3.686745482278056,3.896278836240535,0.7902524196450877,-14.244877913049981,-15.161286195792991,"['seats', 'government_status_coalition', 'government_status_opposition', 'government_status_support']"
LSTM,"{'units': 1, 'epochs': 10, 'batch_size': 64, 'dropout_rate': 0.5}",0.6244988867549158,2.8455861769662674,2.9399860312684645,3.1426961888662994,0.7902524196450877,-8.706397274138086,-9.930725161940238,"['seats', 'government_status_coalition', 'government_status_opposition', 'government_status_support']"
LSTM,"{'units': 5, 'epochs': 5, 'batch_size': 32, 'dropout_rate': 0.2}",0.6244988867549158,1.6309051394445064,1.699239150809816,1.9592174352368512,0.7902524196450877,-3.709186438256872,-4.258865811751692,"['government_status_coalition', 'government_status_opposition', 'government_status_support']"
LSTM,"{'units': 5, 'epochs': 5, 'batch_size': 32, 'dropout_rate': 0.5}",0.6244988867549158,2.530270766885185,2.618840729005477,2.8192355033951744,0.7902524196450877,-7.149479051038106,-8.11550046729856,"['government_status_coalition', 'government_status_opposition', 'government_status_support']"
LSTM,"{'units': 5, 'epochs': 5, 'batch_size': 64, 'dropout_rate': 0.2}",0.6244988867549158,3.0482877832844006,3.207123719759372,3.623229301161384,0.7902524196450877,-11.008110792572145,-12.84573862201234,"['government_status_coalition', 'government_status_opposition', 'government_status_support']"
LSTM,"{'units': 5, 'epochs': 5, 'batch_size': 64, 'dropout_rate': 0.5}",0.6244988867549158,3.4912301345723225,3.5535685433022612,3.773202629240682,0.7902524196450877,-11.78012479493723,-12.90938487618468,"['government_status_coalition', 'government_status_opposition', 'government_status_support']"
LSTM,"{'units': 5, 'epochs': 10, 'batch_size': 32, 'dropout_rate': 0.2}",0.6244988867549158,1.5664845221027655,1.7517711113778047,1.9942302738397955,0.7902524196450877,-2.984662554010577,-4.244636470335192,"['government_status_coalition', 'government_status_opposition', 'government_status_support']"
LSTM,"{'units': 5, 'epochs': 10, 'batch_size': 32, 'dropout_rate': 0.5}",0.6244988867549158,1.6189303748291697,1.6644432885775302,1.9184598145097222,0.7902524196450877,-3.0795927922674866,-3.4796793723101596,"['government_status_coalition', 'government_status_opposition', 'government_status_support']"
LSTM,"{'units': 5, 'epochs': 10, 'batch_size': 64, 'dropout_rate': 0.2}",0.6244988867549158,2.435158289027691,2.5665333218656174,2.8642016722662733,0.7902524196450877,-7.703226903338539,-9.183261456816185,"['government_status_coalition', 'government_status_opposition', 'government_status_support']"
LSTM,"{'units': 5, 'epochs': 10, 'batch_size': 64, 'dropout_rate': 0.5}",0.6244988867549158,2.3103845848697437,2.374967168004613,2.614166347654411,0.7902524196450877,-5.589691355085726,-6.274097057031174,"['government_status_coalition', 'government_status_opposition', 'government_status_support']"
LSTM,"{'units': 1, 'epochs': 5, 'batch_size': 32, 'dropout_rate': 0.2}",0.6244988867549158,3.4222330526073526,3.40911767492928,3.6331366649409347,0.7902524196450877,-12.96810574358623,-14.008447547197692,"['government_status_coalition', 'government_status_opposition', 'government_status_support']"
LSTM,"{'units': 1, 'epochs': 5, 'batch_size': 32, 'dropout_rate': 0.5}",0.6244988867549158,3.068919055202344,3.051370907995866,3.379250316906246,0.7902524196450877,-10.891611862766226,-11.559917532585292,"['government_status_coalition', 'government_status_opposition', 'government_status_support']"
LSTM,"{'units': 1, 'epochs': 5, 'batch_size': 64, 'dropout_rate': 0.2}",0.6244988867549158,3.191012558118011,3.3119444065629686,3.700269113685572,0.7902524196450877,-11.59360255895994,-13.278440528463854,"['government_status_coalition', 'government_status_opposition', 'government_status_support']"
LSTM,"{'units': 1, 'epochs': 5, 'batch_size': 64, 'dropout_rate': 0.5}",0.6244988867549158,3.8042893375310762,3.8843984118686308,4.11149607877342,0.7902524196450877,-13.973229816240456,-15.569479532577986,"['government_status_coalition', 'government_status_opposition', 'government_status_support']"
LSTM,"{'units': 1, 'epochs': 10, 'batch_size': 32, 'dropout_rate': 0.2}",0.6244988867549158,1.8592380316806891,1.9750281832476648,2.2399286834629764,0.7902524196450877,-4.70755513756222,-5.855615377977976,"['government_status_coalition', 'government_status_opposition', 'government_status_support']"
LSTM,"{'units': 1, 'epochs': 10, 'batch_size': 32, 'dropout_rate': 0.5}",0.6244988867549158,2.4714926733479157,2.3813087427684043,2.771683785678444,0.7902524196450877,-7.69341927014603,-7.601586903990223,"['government_status_coalition', 'government_status_opposition', 'government_status_support']"
LSTM,"{'units': 1, 'epochs': 10, 'batch_size': 64, 'dropout_rate': 0.2}",0.6244988867549158,2.4818034547190155,2.6051986827177807,2.9067695444697113,0.7902524196450877,-8.0604181023334,-9.450876923061069,"['government_status_coalition', 'government_status_opposition', 'government_status_support']"
LSTM,"{'units': 1, 'epochs': 10, 'batch_size': 64, 'dropout_rate': 0.5}",0.6244988867549158,3.263744611389672,3.235588397044429,3.552803434353415,0.7902524196450877,-11.503065095018115,-11.828240846898256,"['government_status_coalition', 'government_status_opposition', 'government_status_support']"
LSTM,"{'units': 5, 'epochs': 5, 'batch_size': 32, 'dropout_rate': 0.2}",0.6244988867549158,2.056891838932546,2.3347720138663717,2.614690305207183,0.7902524196450877,-6.222606391989079,-8.067440161576641,"['seats', 'government_status_coalition', 'government_status_opposition', 'government_status_support', 'state_market']"
LSTM,"{'units': 5, 'epochs': 5, 'batch_size': 32, 'dropout_rate': 0.5}",0.6244988867549158,2.0970775382849407,2.3156767121369355,2.5049401345507407,0.7902524196450877,-5.6690220736774615,-7.251162041309934,"['seats', 'government_status_coalition', 'government_status_opposition', 'government_status_support', 'state_market']"
LSTM,"{'units': 5, 'epochs': 5, 'batch_size': 64, 'dropout_rate': 0.2}",0.6244988867549158,2.1857460393963173,2.40438315991632,2.8081044779975493,0.7902524196450877,-7.125438773046098,-8.435113275801413,"['seats', 'government_status_coalition', 'government_status_opposition', 'government_status_support', 'state_market']"
LSTM,"{'units': 5, 'epochs': 5, 'batch_size': 64, 'dropout_rate': 0.5}",0.6244988867549158,3.489880779507157,3.5514101508627824,3.748400282302426,0.7902524196450877,-12.500752723620565,-14.139000979264884,"['seats', 'government_status_coalition', 'government_status_opposition', 'government_status_support', 'state_market']"
LSTM,"{'units': 5, 'epochs': 10, 'batch_size': 32, 'dropout_rate': 0.2}",0.6119975657199184,1.2721453108893792,1.4290035160431445,1.584680351985964,0.7823027327831077,-2.2155226657324945,-2.7263130613416258,"['seats', 'government_status_coalition', 'government_status_opposition', 'government_status_support', 'state_market']"
LSTM,"{'units': 5, 'epochs': 10, 'batch_size': 32, 'dropout_rate': 0.5}",0.5729311663721196,1.6343933541100042,1.8090146466937387,1.9644782609343303,0.7569221666539563,-3.4526867889300727,-4.347130929705489,"['seats', 'government_status_coalition', 'government_status_opposition', 'government_status_support', 'state_market']"
LSTM,"{'units': 5, 'epochs': 10, 'batch_size': 64, 'dropout_rate': 0.2}",0.5729311663721196,1.581486746050971,1.7601087398182036,1.904729493641705,0.7569221666539563,-3.719274443676616,-4.471879425520648,"['seats', 'government_status_coalition', 'government_status_opposition', 'government_status_support', 'state_market']"
LSTM,"{'units': 5, 'epochs': 10, 'batch_size': 64, 'dropout_rate': 0.5}",0.5729311663721196,2.18335270365696,2.2958303170001093,2.4678057962523554,0.7569221666539563,-4.793834301938288,-5.575851188824916,"['seats', 'government_status_coalition', 'government_status_opposition', 'government_status_support', 'state_market']"
LSTM,"{'units': 1, 'epochs': 5, 'batch_size': 32, 'dropout_rate': 0.2}",0.5729311663721196,3.419022428332195,3.4077118968905435,3.6302437932773977,0.7569221666539563,-12.984419431480685,-14.031211544043835,"['seats', 'government_status_coalition', 'government_status_opposition', 'government_status_support', 'state_market']"
LSTM,"{'units': 1, 'epochs': 5, 'batch_size': 32, 'dropout_rate': 0.5}",0.5729311663721196,2.631681188365009,2.729867099475699,2.9056340813263075,0.7569221666539563,-8.006064888354839,-9.079575951769932,"['seats', 'government_status_coalition', 'government_status_opposition', 'government_status_support', 'state_market']"
LSTM,"{'units': 1, 'epochs': 5, 'batch_size': 64, 'dropout_rate': 0.2}",0.5729311663721196,4.970282280067936,4.934882978745282,5.131618780578221,0.7569221666539563,-21.600650282620407,-23.26165175116259,"['seats', 'government_status_coalition', 'government_status_opposition', 'government_status_support', 'state_market']"
LSTM,"{'units': 1, 'epochs': 5, 'batch_size': 64, 'dropout_rate': 0.5}",0.5729311663721196,4.877616902722616,4.839908465359507,5.040933291913509,0.7569221666539563,-20.88114716379318,-22.43404006695954,"['seats', 'government_status_coalition', 'government_status_opposition', 'government_status_support', 'state_market']"
LSTM,"{'units': 1, 'epochs': 10, 'batch_size': 32, 'dropout_rate': 0.2}",0.5729311663721196,1.7702744393555303,1.9343094639449234,2.181687938082927,0.7569221666539563,-4.551840312054227,-5.7637259345888605,"['seats', 'government_status_coalition', 'government_status_opposition', 'government_status_support', 'state_market']"
LSTM,"{'units': 1, 'epochs': 10, 'batch_size': 32, 'dropout_rate': 0.5}",0.5729311663721196,2.4295747682830573,2.310237670666223,2.7376235411285195,0.7569221666539563,-7.415413687251874,-7.210833423615298,"['seats', 'government_status_coalition', 'government_status_opposition', 'government_status_support', 'state_market']"
LSTM,"{'units': 1, 'epochs': 10, 'batch_size': 64, 'dropout_rate': 0.2}",0.5729311663721196,2.418132420865408,2.5490069349955475,2.883645097431095,0.7569221666539563,-8.26134307203733,-9.235703303326135,"['seats', 'government_status_coalition', 'government_status_opposition', 'government_status_support', 'state_market']"
LSTM,"{'units': 1, 'epochs': 10, 'batch_size': 64, 'dropout_rate': 0.5}",0.5729311663721196,3.6938145863525107,3.687717366736094,3.8964383244609464,0.7569221666539563,-14.246213324550034,-15.167384840341617,"['seats', 'government_status_coalition', 'government_status_opposition', 'government_status_support', 'state_market']"
LSTM,"{'units': 5, 'epochs': 5, 'batch_size': 32, 'dropout_rate': 0.2}",0.5729311663721196,1.7909328531139153,2.1598545661485624,2.2098375537514325,0.7569221666539563,-4.6769552997087365,-7.025938222740116,"['government_status_coalition', 'government_status_opposition', 'government_status_support', 'block_left', 'block_right']"
LSTM,"{'units': 5, 'epochs': 5, 'batch_size': 32, 'dropout_rate': 0.5}",0.5729311663721196,2.099821168745939,2.2594471388286417,2.4180811222063094,0.7569221666539563,-5.022582614387809,-6.08734009847453,"['government_status_coalition', 'government_status_opposition', 'government_status_support', 'block_left', 'block_right']"
LSTM,"{'units': 5, 'epochs': 5, 'batch_size': 64, 'dropout_rate': 0.2}",0.5729311663721196,2.019239103901691,2.2795195608322727,2.4011955293796903,0.7569221666539563,-5.752338355696293,-7.41958020003253,"['government_status_coalition', 'government_status_opposition', 'government_status_support', 'block_left', 'block_right']"
LSTM,"{'units': 5, 'epochs': 5, 'batch_size': 64, 'dropout_rate': 0.5}",0.5729311663721196,3.9994795486988024,4.029312755586344,4.362718766164444,0.7569221666539563,-15.679559392831283,-16.548893268593996,"['government_status_coalition', 'government_status_opposition', 'government_status_support', 'block_left', 'block_right']"
LSTM,"{'units': 5, 'epochs': 10, 'batch_size': 32, 'dropout_rate': 0.2}",0.5729311663721196,1.7040752610082432,2.264036672272589,2.2642170160328607,0.7569221666539563,-3.974423006830086,-7.522419420170404,"['government_status_coalition', 'government_status_opposition', 'government_status_support', 'block_left', 'block_right']"
LSTM,"{'units': 5, 'epochs': 10, 'batch_size': 32, 'dropout_rate': 0.5}",0.5729311663721196,2.1833761349229546,2.1590754622006356,2.5215947112456654,0.7569221666539563,-6.413118962919981,-6.649438429443904,"['government_status_coalition', 'government_status_opposition', 'government_status_support', 'block_left', 'block_right']"
LSTM,"{'units': 5, 'epochs': 10, 'batch_size': 64, 'dropout_rate': 0.2}",0.5729311663721196,1.6976933012370754,1.9556039693591103,2.0707851893985545,0.7569221666539563,-4.1688418044399915,-5.31706954078215,"['government_status_coalition', 'government_status_opposition', 'government_status_support', 'block_left', 'block_right']"
LSTM,"{'units': 5, 'epochs': 10, 'batch_size': 64, 'dropout_rate': 0.5}",0.5729311663721196,2.1297229192100486,2.317708053002129,2.453938253296912,0.7569221666539563,-5.2916822003939705,-6.376792019287119,"['government_status_coalition', 'government_status_opposition', 'government_status_support', 'block_left', 'block_right']"
LSTM,"{'units': 1, 'epochs': 5, 'batch_size': 32, 'dropout_rate': 0.2}",0.5729311663721196,3.424574101604538,3.411431182414004,3.6355089172515838,0.7569221666539563,-12.990388888641258,-14.032112498665425,"['government_status_coalition', 'government_status_opposition', 'government_status_support', 'block_left', 'block_right']"
LSTM,"{'units': 1, 'epochs': 5, 'batch_size': 32, 'dropout_rate': 0.5}",0.5729311663721196,2.7532546606838033,2.7416323542636705,3.130669077185304,0.7569221666539563,-9.072632818292714,-9.400378111664345,"['government_status_coalition', 'government_status_opposition', 'government_status_support', 'block_left', 'block_right']"
LSTM,"{'units': 1, 'epochs': 5, 'batch_size': 64, 'dropout_rate': 0.2}",0.5729311663721196,3.794438342168836,3.90424896301537,4.298073245795784,0.7569221666539563,-14.743136998301054,-17.06918036997509,"['government_status_coalition', 'government_status_opposition', 'government_status_support', 'block_left', 'block_right']"
LSTM,"{'units': 1, 'epochs': 5, 'batch_size': 64, 'dropout_rate': 0.5}",0.5729311663721196,4.465802235207518,4.368046889564622,4.781464341691688,0.7569221666539563,-18.281565789481572,-19.0180773787372,"['government_status_coalition', 'government_status_opposition', 'government_status_support', 'block_left', 'block_right']"
LSTM,"{'units': 1, 'epochs': 10, 'batch_size': 32, 'dropout_rate': 0.2}",0.5729311663721196,2.5753326020821943,2.536259845970057,2.80624121044257,0.7569221666539563,-8.503457576146321,-9.017808340010317,"['government_status_coalition', 'government_status_opposition', 'government_status_support', 'block_left', 'block_right']"
LSTM,"{'units': 1, 'epochs': 10, 'batch_size': 32, 'dropout_rate': 0.5}",0.5729311663721196,2.166936456836176,2.285062198448229,2.4511287839595495,0.7569221666539563,-6.004867669763907,-7.3076021068227,"['government_status_coalition', 'government_status_opposition', 'government_status_support', 'block_left', 'block_right']"
LSTM,"{'units': 1, 'epochs': 10, 'batch_size': 64, 'dropout_rate': 0.2}",0.5729311663721196,3.367574681926706,3.590780592944973,3.8123072637135733,0.7569221666539563,-12.422568474666138,-15.568558287946479,"['government_status_coalition', 'government_status_opposition', 'government_status_support', 'block_left', 'block_right']"
LSTM,"{'units': 1, 'epochs': 10, 'batch_size': 64, 'dropout_rate': 0.5}",0.5729311663721196,3.6931856155545852,3.6871093553301777,3.89591997391623,0.7569221666539563,-14.24126557364809,-15.164954747658438,"['government_status_coalition', 'government_status_opposition', 'government_status_support', 'block_left', 'block_right']"
LSTM,"{'units': 5, 'epochs': 5, 'batch_size': 32, 'dropout_rate': 0.2}",0.5729311663721196,1.586203787909172,1.7727715866166158,1.9296960015851279,0.7569221666539563,-3.675552410711547,-4.104439380062164,"['seats', 'government_status_coalition', 'government_status_opposition', 'government_status_support', 'block_left', 'block_right', 'state_market']"
LSTM,"{'units': 5, 'epochs': 5, 'batch_size': 32, 'dropout_rate': 0.5}",0.5729311663721196,1.8646328541201571,2.1213422521710372,2.1660105084119965,0.7569221666539563,-4.067022252904397,-5.259304776152457,"['seats', 'government_status_coalition', 'government_status_opposition', 'government_status_support', 'block_left', 'block_right', 'state_market']"
LSTM,"{'units': 5, 'epochs': 5, 'batch_size': 64, 'dropout_rate': 0.2}",0.5729311663721196,2.5464497448627386,2.7642730042562524,2.884601806548807,0.7569221666539563,-8.616009664836454,-10.171322331378411,"['seats', 'government_status_coalition', 'government_status_opposition', 'government_status_support', 'block_left', 'block_right', 'state_market']"
LSTM,"{'units': 5, 'epochs': 5, 'batch_size': 64, 'dropout_rate': 0.5}",0.5729311663721196,2.952295969432051,3.1164509071721067,3.20657176100262,0.7569221666539563,-8.874128113948073,-10.333028056522366,"['seats', 'government_status_coalition', 'government_status_opposition', 'government_status_support', 'block_left', 'block_right', 'state_market']"
LSTM,"{'units': 5, 'epochs': 10, 'batch_size': 32, 'dropout_rate': 0.2}",0.5729311663721196,1.4571418549342539,1.6572714346795776,1.8247589467104526,0.7569221666539563,-3.2228350905586005,-3.9524376963725736,"['seats', 'government_status_coalition', 'government_status_opposition', 'government_status_support', 'block_left', 'block_right', 'state_market']"
LSTM,"{'units': 5, 'epochs': 10, 'batch_size': 32, 'dropout_rate': 0.5}",0.5729311663721196,2.4209629305267932,2.865920848424138,2.87131701878751,0.7569221666539563,-6.985471037301159,-10.626664069053158,"['seats', 'government_status_coalition', 'government_status_opposition', 'government_status_support', 'block_left', 'block_right', 'state_market']"
LSTM,"{'units': 5, 'epochs': 10, 'batch_size': 64, 'dropout_rate': 0.2}",0.5729311663721196,1.969838850267174,2.2249111624761126,2.281080457984298,0.7569221666539563,-5.368336446907233,-6.5753741984487615,"['seats', 'government_status_coalition', 'government_status_opposition', 'government_status_support', 'block_left', 'block_right', 'state_market']"
LSTM,"{'units': 5, 'epochs': 10, 'batch_size': 64, 'dropout_rate': 0.5}",0.5729311663721196,2.2950481421069817,2.352034976391702,2.644172714719699,0.7569221666539563,-6.306415227733749,-6.509780608974549,"['seats', 'government_status_coalition', 'government_status_opposition', 'government_status_support', 'block_left', 'block_right', 'state_market']"
LSTM,"{'units': 1, 'epochs': 5, 'batch_size': 32, 'dropout_rate': 0.2}",0.5729311663721196,3.4248605753430743,3.413093792151096,3.6357290880247386,0.7569221666539563,-12.997106589417887,-14.099768597299667,"['seats', 'government_status_coalition', 'government_status_opposition', 'government_status_support', 'block_left', 'block_right', 'state_market']"
LSTM,"{'units': 1, 'epochs': 5, 'batch_size': 32, 'dropout_rate': 0.5}",0.5729311663721196,2.7133872636628027,2.74705283408168,3.0763004126099855,0.7569221666539563,-8.866917601903474,-9.43926374101646,"['seats', 'government_status_coalition', 'government_status_opposition', 'government_status_support', 'block_left', 'block_right', 'state_market']"
LSTM,"{'units': 1, 'epochs': 5, 'batch_size': 64, 'dropout_rate': 0.2}",0.5729311663721196,4.868577981102071,4.832513154531263,5.032076410199998,0.7569221666539563,-20.793402650649977,-22.358955806590615,"['seats', 'government_status_coalition', 'government_status_opposition', 'government_status_support', 'block_left', 'block_right', 'state_market']"
LSTM,"{'units': 1, 'epochs': 5, 'batch_size': 64, 'dropout_rate': 0.5}",0.5729311663721196,3.984681971293365,4.00046942846101,4.335158495233584,0.7569221666539563,-15.535475582025919,-16.302976061149167,"['seats', 'government_status_coalition', 'government_status_opposition', 'government_status_support', 'block_left', 'block_right', 'state_market']"
LSTM,"{'units': 1, 'epochs': 10, 'batch_size': 32, 'dropout_rate': 0.2}",0.5729311663721196,2.575867844866751,2.5362125822460038,2.8067681761788483,0.7569221666539563,-8.50787268491474,-9.015604743149652,"['seats', 'government_status_coalition', 'government_status_opposition', 'government_status_support', 'block_left', 'block_right', 'state_market']"
LSTM,"{'units': 1, 'epochs': 10, 'batch_size': 32, 'dropout_rate': 0.5}",0.5729311663721196,2.5779205065624446,2.544699150190018,2.8088880451817997,0.7569221666539563,-8.526165468473094,-9.096137209337337,"['seats', 'government_status_coalition', 'government_status_opposition', 'government_status_support', 'block_left', 'block_right', 'state_market']"
LSTM,"{'units': 1, 'epochs': 10, 'batch_size': 64, 'dropout_rate': 0.2}",0.5729311663721196,2.458035296482189,2.5275383513935346,2.9883603021987124,0.7569221666539563,-8.349450392650898,-8.78238790824246,"['seats', 'government_status_coalition', 'government_status_opposition', 'government_status_support', 'block_left', 'block_right', 'state_market']"
LSTM,"{'units': 1, 'epochs': 10, 'batch_size': 64, 'dropout_rate': 0.5}",0.5729311663721196,2.9198093487811976,3.146545440270701,3.1968434127269476,0.7569221666539563,-9.541584528511477,-11.542367261791107,"['seats', 'government_status_coalition', 'government_status_opposition', 'government_status_support', 'block_left', 'block_right', 'state_market']"
